Row,Adenine_pool_scaler,NAD_pool_scaler,Pi_scaler
S1,0.023932030388051116,-0.0029234257669537083,0.8738136705545118
ST,0.1259015969761072,0.0005576707735644214,0.9648105263991595
