Row,Adenine_pool_scaler,NAD_pool_scaler,Pi_scaler
S1,0.09583119010674707,0.0009391725296636293,0.5729817603878757
ST,0.4318413248491433,0.00035400974673653114,0.9066903777616215
